Workbook

Sheet Síntese
A1: Estudo 11: IBS total do Brasil, 2029-2033
A2: Série histórica (2013-2025) e projeção com PIB e inflação oficiais, memória de cálculo
A4: Pergunta | B4: Quanto será o IBS total do Brasil entre 2029 e 2033, dado o cronograma constitucional de transição e projeções oficiais de PIB e inflação?
A6: Resposta | B6: IBS bruto nacional: de R$ 110.0 bi em 2029 a R$ 1,198.1 bi em 2033 (R$ constantes de 2025).
A7: Arrecadação total em 2033 (ICMS+ISS+IBS) | B7: R$ 1,198.1 bi (8.02% do PIB, a mesma proporção de 2025, por premissa)
A9: Premissa central | B9: A receita de referência (ICMS+ISS+FECOP), como proporção do PIB (a carga tributária), é mantida constante no nível médio de 2024-2026 a partir de 2027: ela cresce sempre no mesmo ritmo da economia, nem mais nem menos rápido. É o próprio desenho legal da transição para o IBS (LC 214/2025, arts. 361 a 365, redação da LC 227/2026: o Senado fixa a alíquota de referência do IBS para manter essa razão constante).
A10: Fonte do PIB e inflação, 2026-2030 | B10: Boletim Focus (Banco Central do Brasil), mediana das projeções de mercado, consultado via API do Sistema de Expectativas de Mercado.
A11: Fonte do PIB e inflação, 2031-2033 | B11: IFI, Instituição Fiscal Independente (Senado Federal), Relatório de Acompanhamento Fiscal (RAF) nº 107, 18/dez/2025: PIB real 2,2% a.a. (2027-2035), IPCA convergindo a 3,0% (centro da meta contínua).
A12: Fonte do ICMS | B12: SICONFI/STN, DCA Anexo I-C (2013-2025), comparado com o RREO Anexo 3 para 2015-2018 (diferença < 1,3%).
A13: Fonte do ISS | B13: SICONFI/STN, DCA Anexo I-C, todos os municípios brasileiros (2013-2025).
A14: Fonte do FECOP | B14: SICONFI/STN, DCA Anexo I-C (2019-2025); zero em 2013-2018; 2026 usa o valor de 2025 como estimativa preliminar. Mesmo critério do coeficiente validado no Estudo 06.
A15: Base legal da transição | B15: ADCT arts. 128, 130, 131 e 132 (EC 132/2023); LC 227/2026, arts. 51 e 114 a 116 (CGIBS e critério histórico/destino).
A16: Cronograma f_a/s_a | B16: Fração remanescente de ICMS/ISS (f_a) e fração já convertida em IBS (s_a=1-f_a) a cada ano da transição, conforme ADCT arts. 128 e 131.
A17: Divisão do IBS bruto | B17: Fração alpha_a distribuída pelo critério histórico; o restante pelo critério destino, líquido do Seguro-Receita (5%, ADCT art. 132, retido primeiro) e do CGIBS (art. 51 LC 227/2026, retido depois -- LC 227/2026 arts. 109-111 e 118 §§2º-4º). Mesmos parâmetros já publicados no Estudo 06, usados aqui só para o agregado nacional (aba 'Projeção IBS 2029-2033').
... A20: Página do estudo | B20: https://www.eduardoreisaraujo.com.br/estudos/ibs-projecao-nacional.html

Sheet Série histórica 2013-2025
A1: ICMS + ISS + FECOP, Brasil: série histórica 2013-2025
A2: Dados de entrada (células em azul), SICONFI/STN
A4: Ano | B4: ICMS (R$) | C4: ISS (R$) | D4: FECOP (R$) | E4: Total nominal (R$) | F4: Total real, 2025 (R$) | G4: PIB nominal (R$) | H4: Total / PIB | I4: Fonte ICMS
A5: 2013 | B5: 3.5120826e+11 | C5: 4.4603471e+10 | D5: 0 | E5: =B5+C5+D5 | F5: 7.6802444e+11 | G5: 5.331619e+12 | H5: =E5/G5 | I5: DCA
A6: 2014 | B6: 3.7450046e+11 | C6: 4.8736779e+10 | D6: 0 | E6: =B6+C6+D6 | F6: 7.7178713e+11 | G6: 5.778953e+12 | H6: =E6/G6 | I6: DCA
A7: 2015 | B7: 3.8529142e+11 | C7: 5.2456331e+10 | D7: 0 | E7: =B7+C7+D7 | F7: 7.2126349e+11 | G7: 5.995787e+12 | H7: =E7/G7 | I7: DCA
A8: 2016 | B8: 4.0421454e+11 | C8: 5.2326424e+10 | D8: 0 | E8: =B8+C8+D8 | F8: 7.0772627e+11 | G8: 6.269328e+12 | H8: =E8/G8 | I8: DCA
A9: 2017 | B9: 4.3720554e+11 | C9: 5.4880869e+10 | D9: 0 | E9: =B9+C9+D9 | F9: 7.4098901e+11 | G9: 6.585479e+12 | H9: =E9/G9 | I9: DCA
A10: 2018 | B10: 4.7261858e+11 | C10: 6.2298308e+10 | D10: 0 | E10: =B10+C10+D10 | F10: 7.7640355e+11 | G10: 7.004141e+12 | H10: =E10/G10 | I10: DCA
A11: 2019 | B11: 4.995799e+11 | C11: 7.2575738e+10 | D11: 1.3510646e+10 | E11: =B11+C11+D11 | F11: 8.1497066e+11 | G11: 7.389131e+12 | H11: =E11/G11 | I11: DCA
A12: 2020 | B12: 5.1068354e+11 | C12: 7.2939657e+10 | D12: 1.4626112e+10 | E12: =B12+C12+D12 | F12: 7.9649966e+11 | G12: 7.609597e+12 | H12: =E12/G12 | I12: DCA
A13: 2021 | B13: 6.4286108e+11 | C13: 9.0315695e+10 | D13: 1.8121397e+10 | E13: =B13+C13+D13 | F13: 9.0882875e+11 | G13: 9.012142e+12 | H13: =E13/G13 | I13: DCA
A14: 2022 | B14: 6.7968891e+11 | C14: 1.0573869e+11 | D14: 1.7215117e+10 | E14: =B14+C14+D14 | F14: 9.1784331e+11 | G14: 10079676679176 | H14: =E14/G14 | I14: DCA
A15: 2023 | B15: 6.9086249e+11 | C15: 1.2098284e+11 | D15: 1.4594149e+10 | E15: =B15+C15+D15 | F15: 9.0331245e+11 | G15: 10943344667905 | H15: =E15/G15 | I15: DCA
A16: 2024 | B16: 7.9463965e+11 | C16: 1.3981074e+11 | D16: 1.6560156e+10 | E16: =B16+C16+D16 | F16: 9.915653e+11 | G16: 1.1779251e+13 | H16: =E16/G16 | I16: DCA
A17: 2025 | B17: 8.4899588e+11 | C17: 1.5378999e+11 | D17: 1.7136686e+10 | E17: =B17+C17+D17 | F17: 1.0199226e+12 | G17: 1.2738566e+13 | H17: =E17/G17 | I17: DCA
A19: ICMS e ISS 2013-2025, FECOP 2019-2025: SICONFI/STN, DCA Anexo I-C, todos os estados e municípios. O SICONFI não publica o DCA antes de 2013 (FECOP tratado como zero em 2013-2018, sem coleta equivalente via RREO). Para 2015-2018, o ICMS do DCA foi comparado com o RREO Anexo 3 (conta ICMSLiquidoExcetoTransferenciasEFUNDEB, coluna "TOTAL últimos 12 meses"): diferença < 1,3% em todos os anos. FECOP incluído porque a legislação da reforma o trata como parte da base substituída pelo IBS nos estados que o cobram (mesmo critério do coeficiente validado no Estudo 06).

Sheet Premissas macro 2026-2033
A1: Crescimento do PIB e inflação, 2026-2033
A2: Dados de entrada (células em azul), Boletim Focus (BCB) e IFI (RAF 107)
A4: Ano | B4: PIB real (%) | C4: IPCA (%) | D4: Fonte
A5: 2026 | B5: 0.0198 | C5: 0.0502 | D5: Focus (BCB), mediana
A6: 2027 | B6: 0.0152 | C6: 0.0422 | D6: Focus (BCB), mediana
A7: 2028 | B7: 0.02 | C7: 0.038 | D7: Focus (BCB), mediana
A8: 2029 | B8: 0.02 | C8: 0.035 | D8: Focus (BCB), mediana
A9: 2030 | B9: 0.02 | C9: 0.035 | D9: Focus (BCB), mediana
A10: 2031 | B10: 0.022 | C10: 0.03 | D10: IFI, RAF 107 (dez/2025)
A11: 2032 | B11: 0.022 | C11: 0.03 | D11: IFI, RAF 107 (dez/2025)
A12: 2033 | B12: 0.022 | C12: 0.03 | D12: IFI, RAF 107 (dez/2025)
A14: 2026-2030: mediana do Boletim Focus (BCB), consultada via API do Sistema de Expectativas de Mercado. 2031-2033: fora do horizonte do Focus (~5 anos); usa-se a projeção da IFI (RAF 107, 18/dez/2025), constante nos três anos por simplificação, já que a IFI projeta uma taxa média para 2027-2035, não ano a ano.

Sheet PIB projetado
A1: PIB real projetado, 2025-2033 (R$ constantes de 2025)
A2: Fórmulas: PIB(t) = PIB(t-1) × (1 + PIB real). Não compõe IPCA -- a partir de ago/2026 este estudo projeta em R$ constantes de 2025, não em R$ nominais.
A4: Ano | B4: PIB real, R$ 2025 (R$) | C4: Crescimento real (%)
A5: 2025 | B5: 1.2738566e+13
A6: 2026 | B6: =B5*(1+'Premissas macro 2026-2033'!B5) | C6: =B6/B5-1
A7: 2027 | B7: =B6*(1+'Premissas macro 2026-2033'!B6) | C7: =B7/B6-1
A8: 2028 | B8: =B7*(1+'Premissas macro 2026-2033'!B7) | C8: =B8/B7-1
A9: 2029 | B9: =B8*(1+'Premissas macro 2026-2033'!B8) | C9: =B9/B8-1
A10: 2030 | B10: =B9*(1+'Premissas macro 2026-2033'!B9) | C10: =B10/B9-1
A11: 2031 | B11: =B10*(1+'Premissas macro 2026-2033'!B10) | C11: =B11/B10-1
A12: 2032 | B12: =B11*(1+'Premissas macro 2026-2033'!B11) | C12: =B12/B11-1
A13: 2033 | B13: =B12*(1+'Premissas macro 2026-2033'!B12) | C13: =B13/B12-1

Sheet Projeção IBS 2029-2033
A1: Projeção do IBS total, Brasil, 2029-2033
A2: Fórmulas: Receita(t) = Razão(2024-2026) × PIB(t); ICMS+ISS residual = Receita × fa; IBS bruto = Receita × sa
A4: Receita de referência (LC 214/2025, arts. 361-365): média da razão receita/PIB em 2024-2026
A5: Ano | B5: ICMS+ISS+FECOP (R$) | C5: PIB (R$) | D5: Razão | E5: Situação
A6: 2024 | B6: ='Série histórica 2013-2025'!E16 | C6: ='Série histórica 2013-2025'!G16 | D6: =B6/C6 | E6: fechado (DCA)
A7: 2025 | B7: ='Série histórica 2013-2025'!E17 | C7: ='Série histórica 2013-2025'!G17 | D7: =B7/C7 | E7: fechado (DCA)
A8: 2026 | B8: 1.0364111e+12 | C8: 1.2991146e+13 | D8: =B8/C8 | E8: estimativa preliminar (RREO 12m + PIB Focus)
A9: Média 2024-2026 (usada na projeção) | D9: =AVERAGE(D6:D8)
A11: O Teto de Referência (ADCT art. 130, §4º e §5º) compara a média 2029-2033 de CBS+Imposto Seletivo+IBS com a média 2012-2021 de IPI+ICMS+ISS+PIS/Cofins+IOF-seguros. Não altera os valores desta planilha: mesmo se ultrapassado, a redução só vale a partir de 2035 (fora desta projeção), e exige dados federais fora do escopo deste estudo (só ICMS/ISS/IBS).
A13: Ano | B13: f_a (ICMS+ISS residual) | C13: s_a (IBS) | D13: PIB real, R$ 2025 (R$) | E13: Receita projetada (R$) | F13: ICMS+ISS residual (R$) | G13: IBS bruto (R$) | H13: Carga tributária (% PIB)
A14: 2029 | B14: 0.9 | C14: =1-B14 | D14: ='PIB projetado'!B9 | E14: =$D$9*D14 | F14: =E14*B14 | G14: =E14*C14 | H14: =E14/D14
A15: 2030 | B15: 0.8 | C15: =1-B15 | D15: ='PIB projetado'!B10 | E15: =$D$9*D15 | F15: =E15*B15 | G15: =E15*C15 | H15: =E15/D15
A16: 2031 | B16: 0.7 | C16: =1-B16 | D16: ='PIB projetado'!B11 | E16: =$D$9*D16 | F16: =E16*B16 | G16: =E16*C16 | H16: =E16/D16
A17: 2032 | B17: 0.6 | C17: =1-B17 | D17: ='PIB projetado'!B12 | E17: =$D$9*D17 | F17: =E17*B17 | G17: =E17*C17 | H17: =E17/D17
A18: 2033 | B18: 0 | C18: =1-B18 | D18: ='PIB projetado'!B13 | E18: =$D$9*D18 | F18: =E18*B18 | G18: =E18*C18 | H18: =E18/D18
A20: f_a (fração remanescente de ICMS+ISS) e s_a=1-f_a (fração já convertida em IBS) seguem o cronograma da transição constitucional (ADCT arts. 128 e 131, LC 227/2026). "IBS bruto" é a arrecadação total antes de qualquer dedução; a divisão entre critério histórico, critério destino, Seguro-Receita e CGIBS está na seção abaixo.
A22: Divisão do IBS bruto (ADCT arts. 131-132; LC 227/2026 arts. 51 e 114-116): mesmos parâmetros alpha_a e c_a do Estudo 06
A23: Ano | B23: alpha_a (histórico) | C23: c_a (CGIBS) | D23: rho (Seguro-Receita) | E23: IBS histórico (R$) | F23: CGIBS (R$) | G23: Seguro-Receita (R$) | H23: IBS destino, líquido (R$) | I23: Total (confere IBS bruto)
A24: 2029 | B24: 0.8 | C24: 0.02 | D24: 0.05 | E24: =G14*B24 | F24: =G14*(1-B24)*(1-D24)*C24 | G24: =G14*(1-B24)*D24 | H24: =G14*(1-B24)*(1-D24)*(1-C24) | I24: =E24+F24+G24+H24
A25: 2030 | B25: 0.8 | C25: 0.01 | D25: 0.05 | E25: =G15*B25 | F25: =G15*(1-B25)*(1-D25)*C25 | G25: =G15*(1-B25)*D25 | H25: =G15*(1-B25)*(1-D25)*(1-C25) | I25: =E25+F25+G25+H25
A26: 2031 | B26: 0.8 | C26: 0.0067 | D26: 0.05 | E26: =G16*B26 | F26: =G16*(1-B26)*(1-D26)*C26 | G26: =G16*(1-B26)*D26 | H26: =G16*(1-B26)*(1-D26)*(1-C26) | I26: =E26+F26+G26+H26
A27: 2032 | B27: 0.8 | C27: 0.005 | D27: 0.05 | E27: =G17*B27 | F27: =G17*(1-B27)*(1-D27)*C27 | G27: =G17*(1-B27)*D27 | H27: =G17*(1-B27)*(1-D27)*(1-C27) | I27: =E27+F27+G27+H27
A28: 2033 | B28: 0.9 | C28: 0.002 | D28: 0.05 | E28: =G18*B28 | F28: =G18*(1-B28)*(1-D28)*C28 | G28: =G18*(1-B28)*D28 | H28: =G18*(1-B28)*(1-D28)*(1-C28) | I28: =E28+F28+G28+H28
A30: alpha_a = fração do IBS bruto distribuída pelo critério histórico; (1-alpha_a) vai pelo critério destino, mas antes sofre duas deduções, nesta ordem: rho=5% (Seguro-Receita, ADCT art. 132, art. 110 LC 227/2026 -- forma a Receita-Base do art. 111) e c_a (CGIBS, art. 51 e art. 118 §4º LC 227/2026, sobre a Receita-Base). As quatro colunas de reais somam exatamente o IBS bruto do ano (coluna "Total" confere isso). alpha_a e c_a são os mesmos parâmetros já publicados no Estudo 06 (estudos/ibs-projecao-arrecadacao-br.html), usados aqui só para mostrar o tamanho de cada fatia no agregado nacional, sem entrar em qual estado ou município recebe o quê.
