Workbook

Sheet Aux_Grafico
A1: Estimativa de perda líquida (em R$ milhões) de arrecadação por UF na proposta de zeragem temporária do ICMS em abril e maio/2026 sobre o diesel importado, já descontada a compensação federal de 50%.
A2: UF | B2: Perda líquida do ente estadual | C2: Perda líquida dos municípios | D2: Total
A3: SP | B3: =UF_Resumo!K29/1000000 -> 311.95473 | C3: =UF_Resumo!L29/1000000 -> 103.98491 | D3: =UF_Resumo!J29/1000000 -> 415.93963
A4: MG | B4: =UF_Resumo!K16/1000000 -> 188.20765 | C4: =UF_Resumo!L16/1000000 -> 62.735885 | D4: =UF_Resumo!J16/1000000 -> 250.94354
A5: PR | B5: =UF_Resumo!K17/1000000 -> 141.65187 | C5: =UF_Resumo!L17/1000000 -> 47.21729 | D5: =UF_Resumo!J17/1000000 -> 188.86916
A6: RS | B6: =UF_Resumo!K24/1000000 -> 93.285169 | C6: =UF_Resumo!L24/1000000 -> 31.095056 | D6: =UF_Resumo!J24/1000000 -> 124.38022
A7: BA | B7: =UF_Resumo!K8/1000000 -> 84.737777 | C7: =UF_Resumo!L8/1000000 -> 28.245926 | D7: =UF_Resumo!J8/1000000 -> 112.9837
A8: MT | B8: =UF_Resumo!K14/1000000 -> 78.545262 | C8: =UF_Resumo!L14/1000000 -> 26.181754 | D8: =UF_Resumo!J14/1000000 -> 104.72702
A9: GO | B9: =UF_Resumo!K12/1000000 -> 77.843851 | C9: =UF_Resumo!L12/1000000 -> 25.94795 | D9: =UF_Resumo!J12/1000000 -> 103.7918
A10: SC | B10: =UF_Resumo!K27/1000000 -> 71.043461 | C10: =UF_Resumo!L27/1000000 -> 23.681154 | D10: =UF_Resumo!J27/1000000 -> 94.724615
A11: PA | B11: =UF_Resumo!K19/1000000 -> 68.547038 | C11: =UF_Resumo!L19/1000000 -> 22.849013 | D11: =UF_Resumo!J19/1000000 -> 91.39605
A12: RJ | B12: =UF_Resumo!K22/1000000 -> 55.260809 | C12: =UF_Resumo!L22/1000000 -> 18.42027 | D12: =UF_Resumo!J22/1000000 -> 73.681079
A13: MS | B13: =UF_Resumo!K15/1000000 -> 39.709819 | C13: =UF_Resumo!L15/1000000 -> 13.236606 | D13: =UF_Resumo!J15/1000000 -> 52.946426
A14: ES | B14: =UF_Resumo!K11/1000000 -> 29.567801 | C14: =UF_Resumo!L11/1000000 -> 9.8559338 | D14: =UF_Resumo!J11/1000000 -> 39.423735
A15: AM | B15: =UF_Resumo!K7/1000000 -> 23.538116 | C15: =UF_Resumo!L7/1000000 -> 7.8460385 | D15: =UF_Resumo!J7/1000000 -> 31.384154
A16: PE | B16: =UF_Resumo!K20/1000000 -> 34.83449 | C16: =UF_Resumo!L20/1000000 -> 11.611497 | D16: =UF_Resumo!J20/1000000 -> 46.445987
A17: MA | B17: =UF_Resumo!K13/1000000 -> 38.818414 | C17: =UF_Resumo!L13/1000000 -> 12.939471 | D17: =UF_Resumo!J13/1000000 -> 51.757886
A18: CE | B18: =UF_Resumo!K9/1000000 -> 27.336545 | C18: =UF_Resumo!L9/1000000 -> 9.1121816 | D18: =UF_Resumo!J9/1000000 -> 36.448726
A19: DF | B19: =UF_Resumo!K10/1000000 -> 8.8576004 | C19: =UF_Resumo!L10/1000000 -> 2.9525335 | D19: =UF_Resumo!J10/1000000 -> 11.810134
A20: TO | B20: =UF_Resumo!K30/1000000 -> 26.824382 | C20: =UF_Resumo!L30/1000000 -> 8.9414608 | D20: =UF_Resumo!J30/1000000 -> 35.765843
A21: RO | B21: =UF_Resumo!K25/1000000 -> 21.999399 | C21: =UF_Resumo!L25/1000000 -> 7.3331329 | D21: =UF_Resumo!J25/1000000 -> 29.332532
A22: RN | B22: =UF_Resumo!K23/1000000 -> 10.761566 | C22: =UF_Resumo!L23/1000000 -> 3.5871886 | D22: =UF_Resumo!J23/1000000 -> 14.348754
A23: AL | B23: =UF_Resumo!K5/1000000 -> 8.5662902 | C23: =UF_Resumo!L5/1000000 -> 2.8554301 | D23: =UF_Resumo!J5/1000000 -> 11.42172
A24: SE | B24: =UF_Resumo!K28/1000000 -> 9.3664452 | C24: =UF_Resumo!L28/1000000 -> 3.1221484 | D24: =UF_Resumo!J28/1000000 -> 12.488594
A25: PB | B25: =UF_Resumo!K18/1000000 -> 11.277506 | C25: =UF_Resumo!L18/1000000 -> 3.7591687 | D25: =UF_Resumo!J18/1000000 -> 15.036675
A26: AC | B26: =UF_Resumo!K4/1000000 -> 2.4349744 | C26: =UF_Resumo!L4/1000000 -> 0.81165815 | D26: =UF_Resumo!J4/1000000 -> 3.2466326
A27: PI | B27: =UF_Resumo!K21/1000000 -> 15.833308 | C27: =UF_Resumo!L21/1000000 -> 5.2777694 | D27: =UF_Resumo!J21/1000000 -> 21.111078
A28: AP | B28: =UF_Resumo!K6/1000000 -> 2.1774358 | C28: =UF_Resumo!L6/1000000 -> 0.72581195 | D28: =UF_Resumo!J6/1000000 -> 2.9032478
A29: RR | B29: =UF_Resumo!K26/1000000 -> 4.2901705 | C29: =UF_Resumo!L26/1000000 -> 1.4300568 | D29: =UF_Resumo!J26/1000000 -> 5.7202274
A30: Total | B30: =SUM(B3:B29) -> 1487.2719 | C30: =SUM(C3:C29) -> 495.75729 | D30: =SUM(D3:D29) -> 1983.0292
A31: Fonte: ANP; CONFAZ Observação: A estimativa é baseada em vendas de diesel por distribuidoras em abr/2025 e mai/2025. Considerou-se um cenário-base de participação importada de 29,91%, de ICMS do diesel B de R$ 1,17 por litro, compensação federal de 50,0% da perda bruta e quota municipal de 25,0% do ICMS. Elaboração: Eduardo Araujo (Economista, Auditor de Finanças, Professor da Fucape Business School).

Sheet Grafico_UF
A1: Gráfico
A30: Fonte dos volumes: ANP, vendas de óleo diesel pelas distribuidoras por UF em abr/2025 e mai/2025. Fórmulas e premissas na aba Metodologia. Elaboração: Eduardo Araujo (Economista, Auditor de Finanças, Professor da Fucape Business School).

Sheet UF_Resumo
A1: Estimativa resumida por UF
A2: UF | B2: Abr/2025 (m³) | C2: Mai/2025 (m³) | D2: Bimestre (m³) | E2: Bimestre (litros) | F2: Participação importada | G2: ICMS do diesel (R$/litro) | H2: Perda bruta total (Estado + municípios) | I2: Compensação federal (50%) | J2: Perda total remanescente | K2: Perda líquida do Estado | L2: Perda líquida dos municípios
A3: Unidade da federação | B3: Base ANP | C3: Base ANP | D3: Abr + Mai | E3: m³ × 1.000 | F3: Premissa do cenário (%) | G3: Premissa tributária | H3: Litros × Part. × ICMS | I3: Bruta × 50% | J3: Bruta - Compensação | K3: Remanescente × 75% | L3: Remanescente × 25%
A4: ACRE | B4: 8702.6 | C4: 9852.396 | D4: =B4+C4 -> 18554.996 | E4: =D4*1000 -> 18554996 | F4: =Metodologia!$B$18 -> 29.91 | G4: =Metodologia!$B$19 -> 1.17 | H4: =ROUND(E4*(F4/100)*G4,2) -> 6493265.2 | I4: =ROUND(H4*(Metodologia!$B$20/100),2) -> 3246632.6 | J4: =ROUND(H4-I4,2) -> 3246632.6 | K4: =J4*0.75 -> 2434974.4 | L4: =J4*0.25 -> 811658.15
A5: ALAGOAS | B5: 32354 | C5: 32922.858 | D5: =B5+C5 -> 65276.858 | E5: =D5*1000 -> 65276858 | F5: =Metodologia!$B$18 -> 29.91 | G5: =Metodologia!$B$19 -> 1.17 | H5: =ROUND(E5*(F5/100)*G5,2) -> 22843441 | I5: =ROUND(H5*(Metodologia!$B$20/100),2) -> 11421720 | J5: =ROUND(H5-I5,2) -> 11421720 | K5: =J5*0.75 -> 8566290.2 | L5: =J5*0.25 -> 2855430.1
A6: AMAPÁ | B6: 8259.324 | C6: 8333.176 | D6: =B6+C6 -> 16592.5 | E6: =D6*1000 -> 16592500 | F6: =Metodologia!$B$18 -> 29.91 | G6: =Metodologia!$B$19 -> 1.17 | H6: =ROUND(E6*(F6/100)*G6,2) -> 5806495.6 | I6: =ROUND(H6*(Metodologia!$B$20/100),2) -> 2903247.8 | J6: =ROUND(H6-I6,2) -> 2903247.8 | K6: =J6*0.75 -> 2177435.8 | L6: =J6*0.25 -> 725811.95
A7: AMAZONAS | B7: 86968.494 | C7: 92396.691 | D7: =B7+C7 -> 179365.18 | E7: =D7*1000 -> 179365185 | F7: =Metodologia!$B$18 -> 29.91 | G7: =Metodologia!$B$19 -> 1.17 | H7: =ROUND(E7*(F7/100)*G7,2) -> 62768308 | I7: =ROUND(H7*(Metodologia!$B$20/100),2) -> 31384154 | J7: =ROUND(H7-I7,2) -> 31384154 | K7: =J7*0.75 -> 23538116 | L7: =J7*0.25 -> 7846038.5
A8: BAHIA | B8: 313772.48 | C8: 331946.46 | D8: =B8+C8 -> 645718.94 | E8: =D8*1000 -> 645718935 | F8: =Metodologia!$B$18 -> 29.91 | G8: =Metodologia!$B$19 -> 1.17 | H8: =ROUND(E8*(F8/100)*G8,2) -> 2.259674e+08 | I8: =ROUND(H8*(Metodologia!$B$20/100),2) -> 1.129837e+08 | J8: =ROUND(H8-I8,2) -> 1.129837e+08 | K8: =J8*0.75 -> 84737777 | L8: =J8*0.25 -> 28245926
A9: CEARÁ | B9: 99921.9 | C9: 108388.08 | D9: =B9+C9 -> 208309.98 | E9: =D9*1000 -> 2.0830998e+08 | F9: =Metodologia!$B$18 -> 29.91 | G9: =Metodologia!$B$19 -> 1.17 | H9: =ROUND(E9*(F9/100)*G9,2) -> 72897453 | I9: =ROUND(H9*(Metodologia!$B$20/100),2) -> 36448726 | J9: =ROUND(H9-I9,2) -> 36448726 | K9: =J9*0.75 -> 27336545 | L9: =J9*0.25 -> 9112181.6
A10: DISTRITO FEDERAL | B10: 32979.7 | C10: 34517 | D10: =B10+C10 -> 67496.7 | E10: =D10*1000 -> 67496700 | F10: =Metodologia!$B$18 -> 29.91 | G10: =Metodologia!$B$19 -> 1.17 | H10: =ROUND(E10*(F10/100)*G10,2) -> 23620268 | I10: =ROUND(H10*(Metodologia!$B$20/100),2) -> 11810134 | J10: =ROUND(H10-I10,2) -> 11810134 | K10: =J10*0.75 -> 8857600.4 | L10: =J10*0.25 -> 2952533.5
A11: ESPÍRITO SANTO | B11: 110991.12 | C11: 114321.49 | D11: =B11+C11 -> 225312.6 | E11: =D11*1000 -> 2.253126e+08 | F11: =Metodologia!$B$18 -> 29.91 | G11: =Metodologia!$B$19 -> 1.17 | H11: =ROUND(E11*(F11/100)*G11,2) -> 78847470 | I11: =ROUND(H11*(Metodologia!$B$20/100),2) -> 39423735 | J11: =ROUND(H11-I11,2) -> 39423735 | K11: =J11*0.75 -> 29567801 | L11: =J11*0.25 -> 9855933.8
A12: GOIÁS | B12: 277963.47 | C12: 315222.36 | D12: =B12+C12 -> 593185.83 | E12: =D12*1000 -> 5.9318583e+08 | F12: =Metodologia!$B$18 -> 29.91 | G12: =Metodologia!$B$19 -> 1.17 | H12: =ROUND(E12*(F12/100)*G12,2) -> 2.075836e+08 | I12: =ROUND(H12*(Metodologia!$B$20/100),2) -> 1.037918e+08 | J12: =ROUND(H12-I12,2) -> 1.037918e+08 | K12: =J12*0.75 -> 77843851 | L12: =J12*0.25 -> 25947950
A13: MARANHÃO | B13: 142257.06 | C13: 153547.08 | D13: =B13+C13 -> 295804.14 | E13: =D13*1000 -> 2.9580414e+08 | F13: =Metodologia!$B$18 -> 29.91 | G13: =Metodologia!$B$19 -> 1.17 | H13: =ROUND(E13*(F13/100)*G13,2) -> 1.0351577e+08 | I13: =ROUND(H13*(Metodologia!$B$20/100),2) -> 51757886 | J13: =ROUND(H13-I13,2) -> 51757886 | K13: =J13*0.75 -> 38818414 | L13: =J13*0.25 -> 12939471
A14: MATO GROSSO | B14: 279883.75 | C14: 318646.97 | D14: =B14+C14 -> 598530.72 | E14: =D14*1000 -> 598530723 | F14: =Metodologia!$B$18 -> 29.91 | G14: =Metodologia!$B$19 -> 1.17 | H14: =ROUND(E14*(F14/100)*G14,2) -> 2.0945403e+08 | I14: =ROUND(H14*(Metodologia!$B$20/100),2) -> 1.0472702e+08 | J14: =ROUND(H14-I14,2) -> 1.0472702e+08 | K14: =J14*0.75 -> 78545262 | L14: =J14*0.25 -> 26181754
A15: MATO GROSSO DO SUL | B15: 138348.27 | C15: 164248.56 | D15: =B15+C15 -> 302596.83 | E15: =D15*1000 -> 302596826 | F15: =Metodologia!$B$18 -> 29.91 | G15: =Metodologia!$B$19 -> 1.17 | H15: =ROUND(E15*(F15/100)*G15,2) -> 1.0589285e+08 | I15: =ROUND(H15*(Metodologia!$B$20/100),2) -> 52946426 | J15: =ROUND(H15-I15,2) -> 52946426 | K15: =J15*0.75 -> 39709819 | L15: =J15*0.25 -> 13236606
... A30: TOCANTINS | B30: 98135.9 | C30: 106271.3 | D30: =B30+C30 -> 204407.2 | E30: =D30*1000 -> 204407200 | F30: =Metodologia!$B$18 -> 29.91 | G30: =Metodologia!$B$19 -> 1.17 | H30: =ROUND(E30*(F30/100)*G30,2) -> 71531686 | I30: =ROUND(H30*(Metodologia!$B$20/100),2) -> 35765843 | J30: =ROUND(H30-I30,2) -> 35765843 | K30: =J30*0.75 -> 26824382 | L30: =J30*0.25 -> 8941460.8
A31: TOTAL BRASIL (proxy) | B31: =ROUND(SUM(B4:B30),3) -> 5477035.5 | C31: =ROUND(SUM(C4:C30),3) -> 5856276 | D31: =ROUND(SUM(D4:D30),3) -> 11333311 | E31: =ROUND(SUM(E4:E30),0) -> 11333311459 | F31: =Metodologia!$B$18 -> 29.91 | G31: =Metodologia!$B$19 -> 1.17 | H31: =ROUND(SUM(H4:H30),2) -> 3.9660583e+09 | I31: =ROUND(SUM(I4:I30),2) -> 1.9830292e+09 | J31: =ROUND(SUM(J4:J30),2) -> 1.9830292e+09 | K31: =J31*0.75 -> 1.4872719e+09 | L31: =J31*0.25 -> 4.9575729e+08
A32: Obs.: Os volumes de abr/2025 e mai/2025 são vendas de óleo diesel pelas distribuidoras, em m³, extraídas da base aberta da ANP. Cenário-base desta planilha: participação importada de 29,91%, ICMS do diesel B de R$ 1,17 por litro, compensação federal de 50,0% da perda bruta e quota municipal de 25,0% do ICMS.
A34: Como ler cada coluna
A35: Coluna | B35: O que significa | C35: Memória de cálculo
A36: Abr/2025 e Mai/2025 | B36: Volumes de vendas de óleo diesel | C36: Dados copiados da aba Dados_ANP_UF.
A37: Bimestre (m³) | B37: Soma dos dois meses usados como proxy | C37: Abr/2025 + Mai/2025.
A38: Bimestre (litros) | B38: Conversão do bimestre de m³ para litros | C38: Bimestre (m³) × 1.000.
A39: Participação importada (%) | B39: Parcela do mercado atendida por diesel importado | C39: Premissa fixa de 27,0, definida na aba Metodologia.
A40: ICMS do diesel | B40: Valor específico por litro do ICMS | C40: Premissa fixa de R$ 1,17 por litro, definida na aba Metodologia.
A41: Perda bruta total | B41: Perda estimada antes da compensação | C41: Bimestre (litros) × (Participação importada/100) × ICMS.
A42: Compensação federal | B42: Valor da compensação | C42: Perda bruta total × 50,0%.
A43: Perda total remanescente | B43: Perda líquida total após a compensação federal | C43: Perda bruta total - Compensação federal.
A44: Perda líquida do Estado | B44: Parcela remanescente do ente estadual | C44: Perda total remanescente × 75,0%.
A45: Perda líquida dos municípios | B45: Parcela remanescente dos municípios | C45: Perda total remanescente - Perda líquida do Estado.

Sheet Metodologia
A1: Metodologia da estimativa
A2: Esta planilha estima a perda líquida de arrecadação por UF na proposta de zeragem temporária do ICMS sobre o diesel importado, já descontada a compensação federal de 50%.
A5: O que há em cada aba
A6: Aba | B6: Conteúdo | C6: Como usar
A7: Grafico_UF | B7: Resumo visual principal do estudo | C7: Leitura rápida do impacto líquido por UF, separando ente estadual e municípios.
A8: UF_Resumo | B8: Tabela principal com uma linha por UF | C8: Conferir volumes, memória de cálculo e resultados detalhados.
A9: Metodologia | B9: Premissas, fórmulas e limitações | C9: Entender exatamente como a estimativa foi construída.
A10: Dados_ANP_UF | B10: Base bruta da ANP usada na proxy | C10: Conferir as vendas de óleo diesel por UF em abr/2025 e mai/2025.
A11: Fontes | B11: Lista consolidada de links auditáveis | C11: Abrir as fontes públicas que embasam a planilha.
A14: Premissas do cenário-base
A15: Item | B15: Valor | C15: Unidade | D15: Descrição | E15: Fonte
A16: Período-proxy | B16: abr/2025 + mai/2025 | C16: mês | D16: Bimestre usado como proxy para o período de maior efeito prático da medida. | E16: Base ANP
A17: Base de volumes | B17: Vendas de óleo diesel pelas distribuidoras | C17: conceito | D17: A ANP divulga vendas em m³ por UF; a planilha usa abr/2025 e mai/2025. | E17: Base ANP
A18: Participação importada | B18: 29.91 | C18: % do mercado | D18: Dado oficial mais recente da ANP: a parcela importada de diesel A, em janeiro de 2026, representou 29,91% das vendas nacionais. | E18: https://www.gov.br/anp/pt-br/centrais-de-conteudo/publicacoes/sinteses/scc/2026/sintese-volumes-janeiro-26.pdf
A19: ICMS do diesel B | B19: 1.17 | C19: R$/litro | D19: ICMS ad rem uniforme nacionalmente em 2026. | E19: https://www.gov.br/anp/pt-br/assuntos/precos-e-defesa-da-concorrencia/precos/arq-sintese-semanal/2026/sintese-precos-11.pdf
A20: Compensação federal | B20: 50 | C20: % da perda bruta | D20: A proposta pública fala em compensar 50,0% da perda bruta. | E20: https://agenciabrasil.ebc.com.br/economia/noticia/2026-03/governo-propoe-que-estados-zerem-icms-do-diesel-importado
A21: Quota-parte dos municípios | B21: 25 | C21: % do ICMS | D21: Parcela constitucional do ICMS pertencente aos municípios: 25,0%. | E21: https://portal.stf.jus.br/constituicao-supremo/artigo.asp?abrirArtigo=158&abrirBase=CF
A22: Escopo da desoneração | B22: Diesel importado | C22: escopo | D22: Hipótese de trabalho da planilha: a desoneração incide apenas sobre o diesel importado, conforme a redação predominante dos comunicados públicos; a memória de cálculo formal da Fazenda ainda não foi divulgada. | E22: https://comsefaz.org.br/novo/estados-e-ministerio-da-fazenda-discutem-medidas-para-mitigar-efeitos-da-crise-dos-combustiveis/
A23: Nota de interpretação | B23: A comunicação pública da proposta ainda tem ambiguidades. | C23: texto | D23: Agência Brasil, Comsefaz e Reuters descrevem a medida como redução do ICMS sobre a importação de diesel; outras reportagens usaram redações mais amplas. Por isso, esta planilha permanece ancorada na hipótese mais explicitamente publicada: diesel importado. | E23: https://agenciabrasil.ebc.com.br/economia/noticia/2026-03/governo-propoe-que-estados-zerem-icms-do-diesel-importado
A25: Memória de cálculo
A26: Etapa | B26: Expressão | C26: Leitura | D26: Observação
A27: 1. Bimestre (m³) | B27: '=Abr/2025 + Mai/2025 | C27: Soma dos volumes mensais de vendas de óleo diesel por UF. | D27: Os dados vêm da base aberta da ANP.
A28: 2. Bimestre (litros) | B28: '=Bimestre (m³) × 1.000 | C28: Converte m³ em litros. | D28: 1 m³ = 1.000 litros.
A29: 3. Perda bruta total | B29: Bimestre (litros) * (@Participação importada/100) *@ ICMS | C29: Estimativa da perda antes da compensação federal. | D29: Abrange estado + municípios.
A30: 4. Compensação federal | B30: Perda bruta total * (@Compensação/100) | C30: Metade da perda bruta. | D30: Supõe aderência ao desenho público da proposta.
A31: 5. Perda total remanescente | B31: Perda bruta total - Compensação federal | C31: Perda líquida total após a ajuda da União. | D31: É o valor econômico central desta planilha.
A32: 6. Perda líquida do Estado | B32: Perda total remanescente * ((100-@Quota municipal)/100) | C32: Parcela remanescente do ente estadual. | D32: Pressupõe divisão padrão do ICMS.
A33: 7. Perda líquida dos municípios | B33: Perda total remanescente -@ Perda líquida do Estado | C33: Parcela remanescente dos municípios. | D33: Pressupõe divisão padrão do ICMS.
A35: Limitações e cuidados de interpretação
A36: 1 | B36: Esta é uma proxy mecânica baseada em volumes de vendas de óleo diesel pelas distribuidoras, não uma estimativa oficial de arrecadação executada.
A37: 2 | B37: O preço do petróleo não altera diretamente a renúncia por litro nesta metodologia, porque o ICMS do diesel está em regime ad rem de R$ 1,17 por litro. O efeito do petróleo é indireto, via participação importada e volume.
A38: 3 | B38: O impacto fiscal efetivo por UF pode diferir conforme o local de internalização do diesel importado e a forma operacional de repasse da compensação federal.

Sheet Dados_ANP_UF
A1: Dados brutos ANP por UF
A2: Base aberta da ANP usada como proxy do estudo: vendas de óleo diesel pelas distribuidoras, em abr/2025 e mai/2025, por UF.
A4: URL do arquivo bruto: https://www.gov.br/anp/pt-br/centrais-de-conteudo/dados-abertos/arquivos/vdpb/vendas-derivados-petroleo-e-etanol/vendas-combustiveis-m3-1990-2025.csv
A6: ANO | B6: MÊS | C6: GRANDE REGIÃO | D6: UNIDADE DA FEDERAÇÃO | E6: PRODUTO | F6: VENDAS (m³) | G6: URL
A7: 2025 | B7: ABR | C7: REGIÃO NORTE | D7: ACRE | E7: ÓLEO DIESEL | F7: 8702.6 | G7: https://www.gov.br/anp/pt-br/centrais-de-conteudo/dados-abertos/arquivos/vdpb/vendas-derivados-petroleo-e-etanol/vendas-combustiveis-m3-1990-2025.csv
A8: 2025 | B8: MAI | C8: REGIÃO NORTE | D8: ACRE | E8: ÓLEO DIESEL | F8: 9852.396
A9: 2025 | B9: ABR | C9: REGIÃO NORDESTE | D9: ALAGOAS | E9: ÓLEO DIESEL | F9: 32354
A10: 2025 | B10: MAI | C10: REGIÃO NORDESTE | D10: ALAGOAS | E10: ÓLEO DIESEL | F10: 32922.858
A11: 2025 | B11: ABR | C11: REGIÃO NORTE | D11: AMAPÁ | E11: ÓLEO DIESEL | F11: 8259.324
A12: 2025 | B12: MAI | C12: REGIÃO NORTE | D12: AMAPÁ | E12: ÓLEO DIESEL | F12: 8333.176
A13: 2025 | B13: ABR | C13: REGIÃO NORTE | D13: AMAZONAS | E13: ÓLEO DIESEL | F13: 86968.494
A14: 2025 | B14: MAI | C14: REGIÃO NORTE | D14: AMAZONAS | E14: ÓLEO DIESEL | F14: 92396.691
A15: 2025 | B15: ABR | C15: REGIÃO NORDESTE | D15: BAHIA | E15: ÓLEO DIESEL | F15: 313772.48
A16: 2025 | B16: MAI | C16: REGIÃO NORDESTE | D16: BAHIA | E16: ÓLEO DIESEL | F16: 331946.46
A17: 2025 | B17: ABR | C17: REGIÃO NORDESTE | D17: CEARÁ | E17: ÓLEO DIESEL | F17: 99921.9
A18: 2025 | B18: MAI | C18: REGIÃO NORDESTE | D18: CEARÁ | E18: ÓLEO DIESEL | F18: 108388.08
A19: 2025 | B19: ABR | C19: REGIÃO CENTRO-OESTE | D19: DISTRITO FEDERAL | E19: ÓLEO DIESEL | F19: 32979.7
... A60: 2025 | B60: MAI | C60: REGIÃO NORTE | D60: TOCANTINS | E60: ÓLEO DIESEL | F60: 106271.3

Sheet Fontes
A1: Fontes e links auditáveis
A2: Lista consolidada das premissas e das fontes públicas usadas na construção da planilha.
A5: Fato / premissa | B5: Valor / resumo | C5: URL
A6: Proposta federal | B6: Zerar temporariamente o ICMS sobre a importação de diesel; compensação de 50%; validade até 31/05/2026. | C6: https://agenciabrasil.ebc.com.br/economia/noticia/2026-03/governo-propoe-que-estados-zerem-icms-do-diesel-importado
A7: ICMS do diesel em 2026 | B7: R$ 1,17 por litro, em regime ad rem uniforme nacionalmente. | C7: https://www.gov.br/anp/pt-br/assuntos/precos-e-defesa-da-concorrencia/precos/arq-sintese-semanal/2026/sintese-precos-11.pdf
A8: Base legal do ICMS do diesel | B8: Convênio ICMS 199/2022, alterado pelo Convênio ICMS 113/2025. | C8: https://www.confaz.fazenda.gov.br/legislacao/convenios/2022/CV199_22
A9: Parâmetro de participação importada | B9: Dado oficial mais recente da ANP: 29,91% em janeiro de 2026 para a parcela importada de diesel A nas vendas nacionais. | C9: https://www.gov.br/anp/pt-br/centrais-de-conteudo/publicacoes/sinteses/scc/2026/sintese-volumes-janeiro-26.pdf
A10: Quota-parte municipal | B10: 25% do produto da arrecadação do ICMS pertence aos municípios. | C10: https://portal.stf.jus.br/constituicao-supremo/artigo.asp?abrirArtigo=158&abrirBase=CF
A11: Base ANP por UF | B11: Vendas de óleo diesel pelas distribuidoras, em m³, por UF, abr/2025 e mai/2025. | C11: https://www.gov.br/anp/pt-br/centrais-de-conteudo/dados-abertos/arquivos/vdpb/vendas-derivados-petroleo-e-etanol/vendas-combustiveis-m3-1990-2025.csv
A12: Preço do petróleo | B12: Não altera diretamente a renúncia por litro nesta metodologia; afeta apenas indiretamente participação importada e volume. | C12: https://www.reuters.com/business/energy/brazils-petrobras-raise-diesel-prices-after-oil-shock-2026-03-13/
A13: Observação interpretativa | B13: Os valores anunciados pelo governo e pelos estados ainda estavam sujeitos a verificação técnica; a memória de cálculo pública não foi detalhada. | C13: https://comsefaz.org.br/novo/estados-e-ministerio-da-fazenda-discutem-medidas-para-mitigar-efeitos-da-crise-dos-combustiveis/
A14: Tratamento do ICMS na importação | B14: No regime monofásico, o diesel tem alíquota específica uniforme; a diferença da importação está no ponto de incidência/recolhimento, não em uma alíquota maior. | C14: https://www.sefaz.pe.gov.br/Legislacao/Tributaria/Documents/Legislacao/Informativos%20Fiscais/COMBUST%C3%8DVEIS%20-%20ICMS%20MONOF%C3%81SICO.pdf
